outcome,month,MMWR week,Age group,Vaccinated with outcome,Unvaccinated with outcome,Crude vax IR,Crude unvax IR
case,APR 2021,202114,12-17,8,30785,21.68785751,175.3484912
case,APR 2021,202114,18-29,671,76736,26.38519315,246.808299
case,APR 2021,202114,30-49,1837,98436,24.72940019,239.653115
case,APR 2021,202114,50-64,1547,50324,20.66125637,219.2902663
case,APR 2021,202114,65-79,1655,14880,11.494573,193.8529339
case,APR 2021,202114,80+,792,3757,15.95820884,148.8164792
case,APR 2021,202115,12-17,5,30598,9.171114657,176.9186345
case,APR 2021,202115,18-29,744,70484,23.53776387,241.4616067
case,APR 2021,202115,30-49,2101,91823,23.09463999,241.8298256
case,APR 2021,202115,50-64,1900,45460,19.73226843,218.341681
case,APR 2021,202115,65-79,1962,14128,11.84981394,200.990041
case,APR 2021,202115,80+,931,3425,17.20744752,143.7010079
case,APR 2021,202116,12-17,8,26222,9.427847505,154.1157341
case,APR 2021,202116,18-29,891,54626,21.65137017,197.5974185
case,APR 2021,202116,30-49,2409,74591,21.13216101,209.9922187
case,APR 2021,202116,50-64,2193,36385,17.53826569,188.4721454
case,APR 2021,202116,65-79,2000,12021,10.98885763,183.510888
case,APR 2021,202116,80+,902,3003,15.65218417,131.9367284
case,APR 2021,202117,12-17,24,24494,17.41641933,146.0859736
case,APR 2021,202117,18-29,943,49243,18.18249128,186.3937167
case,APR 2021,202117,30-49,2678,64986,19.36033819,193.4442677
case,APR 2021,202117,50-64,2313,30221,14.83273827,167.4723768
case,APR 2021,202117,65-79,1977,10223,10.21943088,165.9191675
case,APR 2021,202117,80+,971,2530,16.17514332,115.5623157
case,MAY 2021,202118,12-17,9,19421,3.843394486,116.9975493
case,MAY 2021,202118,18-29,852,38984,13.6592398,152.6395833
case,MAY 2021,202118,30-49,2257,53203,13.91730261,165.2772973
case,MAY 2021,202118,50-64,2050,25143,11.08826808,147.0088754
case,MAY 2021,202118,65-79,1713,8733,8.500404997,149.3032345
case,MAY 2021,202118,80+,893,2165,14.47859624,102.1865563
case,MAY 2021,202119,12-17,21,15132,5.324152129,93.30937497
case,MAY 2021,202119,18-29,773,31681,10.23106185,127.6633572
case,MAY 2021,202119,30-49,1933,43592,10.2487031,140.1358004
case,MAY 2021,202119,50-64,1819,20958,8.673248131,127.8112311
case,MAY 2021,202119,65-79,1626,7616,7.827802593,135.8945846
case,MAY 2021,202119,80+,761,2069,12.08946842,100.3537847
case,MAY 2021,202120,12-17,25,11017,3.826573564,73.83454909
case,MAY 2021,202120,18-29,707,23715,7.679073385,98.71206459
case,MAY 2021,202120,30-49,1916,32974,8.851447533,110.1614647
case,MAY 2021,202120,50-64,1691,15842,7.365937327,100.9130908
case,MAY 2021,202120,65-79,1458,5886,6.84865809,109.5520612
case,MAY 2021,202120,80+,693,1523,10.82526476,75.75433511
case,MAY 2021,202121,12-17,30,7158,3.237094513,50.54326954
case,MAY 2021,202121,18-29,635,17423,5.915935396,74.60066721
case,MAY 2021,202121,30-49,1616,24908,6.726861812,85.9538894
case,MAY 2021,202121,50-64,1454,11936,5.950729758,78.78735592
case,MAY 2021,202121,65-79,1178,4591,5.428109914,88.46073883
case,MAY 2021,202121,80+,598,1179,9.213201809,59.8565271
case,JUN 2021,202122,12-17,40,5364,3.423713668,39.14806398
case,JUN 2021,202122,18-29,603,13738,5.030876063,60.0132826
case,JUN 2021,202122,30-49,1557,19899,5.9908754,70.30856979
case,JUN 2021,202122,50-64,1324,9393,5.166398214,63.61883695
case,JUN 2021,202122,65-79,1122,3672,5.087727707,72.51870783
case,JUN 2021,202122,80+,509,936,7.748708029,48.19569926
case,JUN 2021,202123,12-17,43,4514,3.238202963,33.95181956
case,JUN 2021,202123,18-29,700,12674,5.432024001,56.39720972
case,JUN 2021,202123,30-49,1594,17974,5.817119117,64.91498535
case,JUN 2021,202123,50-64,1477,8496,5.57161865,58.90325141
case,JUN 2021,202123,65-79,1121,3280,5.020631391,66.28089837
case,JUN 2021,202123,80+,508,819,7.660542656,42.75494266
case,JUN 2021,202124,12-17,53,4318,3.071480894,33.25986073
case,JUN 2021,202124,18-29,764,12301,5.66150457,55.64648266
case,JUN 2021,202124,30-49,1817,16985,6.412709942,62.53650571
case,JUN 2021,202124,50-64,1517,8058,5.599483799,57.00650884
case,JUN 2021,202124,65-79,1203,2943,5.341600218,60.64050967
case,JUN 2021,202124,80+,531,756,7.95469509,39.93513182
case,JUN 2021,202125,12-17,101,4913,3.426271223,38.86898147
case,JUN 2021,202125,18-29,1065,13782,7.553557917,63.29896457
case,JUN 2021,202125,30-49,2555,18783,8.743759591,70.38487784
case,JUN 2021,202125,50-64,1920,8488,6.952811558,61.19692917
case,JUN 2021,202125,65-79,1534,3203,6.758826095,67.22775289
case,JUN 2021,202125,80+,566,790,8.428564196,42.19134362
case,JUN 2021,202126,12-17,157,6880,4.173084667,55.76579404
case,JUN 2021,202126,18-29,1838,18147,12.51991999,84.56761886
case,JUN 2021,202126,30-49,4208,24808,14.00126976,94.53455886
case,JUN 2021,202126,50-64,2842,10324,10.11801407,75.76166191
case,JUN 2021,202126,65-79,1972,3858,8.629375541,82.36485951
case,JUN 2021,202126,80+,759,932,11.24463102,50.2602261
case,JUL 2021,202127,12-17,246,9582,5.851006266,79.10907756
case,JUL 2021,202127,18-29,3447,29076,22.83099579,137.1730334
case,JUL 2021,202127,30-49,7091,37324,23.13580502,144.2459939
case,JUL 2021,202127,50-64,4713,15264,16.57695251,113.7008987
case,JUL 2021,202127,65-79,3239,5503,14.10292242,119.2220397
case,JUL 2021,202127,80+,1040,1223,15.35016154,66.51008066
case,JUL 2021,202128,12-17,516,15458,11.31974145,130.4473455
case,JUL 2021,202128,18-29,6201,47207,40.19211325,225.7078933
case,JUL 2021,202128,30-49,13279,60050,42.66964897,235.605005
case,JUL 2021,202128,50-64,8774,24105,30.57481737,182.4740437
case,JUL 2021,202128,65-79,5767,8173,25.01293911,179.8728469
case,JUL 2021,202128,80+,1927,1824,28.35756848,100.0884004
case,JUL 2021,202129,12-17,952,25649,19.72931054,222.1062433
case,JUL 2021,202129,18-29,10758,74427,68.50332586,361.2243276
case,JUL 2021,202129,30-49,22751,97561,72.21142678,389.7349594
case,JUL 2021,202129,50-64,15882,39102,54.93021127,302.0869587
case,JUL 2021,202129,65-79,10530,13316,45.52155249,298.9498835
case,JUL 2021,202129,80+,3389,2926,49.74883371,162.290121
case,JUL 2021,202130,12-17,1638,37968,32.22280714,339.5109944
case,JUL 2021,202130,18-29,16527,108708,103.3656279,538.3298019
case,JUL 2021,202130,30-49,33944,140533,106.4212849,575.7213969
case,JUL 2021,202130,50-64,24009,57087,82.42196227,453.4987972
case,JUL 2021,202130,65-79,16752,19768,72.18161121,455.7012951
case,JUL 2021,202130,80+,5248,4570,76.84246577,256.82367
case,AUG 2021,202131,12-17,2449,46937,46.05904585,436.2936613
case,AUG 2021,202131,18-29,20565,127704,126.5654512,647.3134949
case,AUG 2021,202131,30-49,43505,168809,134.8829301,712.2832478
case,AUG 2021,202131,50-64,32212,71470,109.8074572,585.9292217
case,AUG 2021,202131,65-79,22540,25434,96.81963396,603.4283313
case,AUG 2021,202131,80+,7087,5772,103.5216194,329.0917819
case,AUG 2021,202132,12-17,3010,59534,54.52431341,576.4555469
case,AUG 2021,202132,18-29,21359,135314,129.5009209,703.0213907
case,AUG 2021,202132,30-49,48829,184587,149.8160183,803.8608594
case,AUG 2021,202132,50-64,36885,80453,124.8987917,680.9290522
case,AUG 2021,202132,65-79,26037,29232,111.5100782,713.6094255
case,AUG 2021,202132,80+,8468,6828,123.4231411,394.9217733
case,AUG 2021,202133,12-17,3951,80009,68.7004026,802.8696149
case,AUG 2021,202133,18-29,22037,133591,131.6574948,711.258138
case,AUG 2021,202133,30-49,51651,186938,156.835579,839.8176856
case,AUG 2021,202133,50-64,39041,82417,131.3122218,719.1505094
case,AUG 2021,202133,65-79,28099,31107,119.9842093,783.005417
case,AUG 2021,202133,80+,8994,7468,130.8024499,438.9091685
case,AUG 2021,202134,12-17,5080,95693,84.25077675,993.1253471
case,AUG 2021,202134,18-29,23619,130242,138.8574931,710.6943728
case,AUG 2021,202134,30-49,53573,185192,160.7478253,858.2433151
case,AUG 2021,202134,50-64,39926,80015,133.2517122,719.5539817
case,AUG 2021,202134,65-79,28528,30515,121.4041448,791.8227634
case,AUG 2021,202134,80+,9157,7083,132.847382,423.0406968
case,SEP 2021,202135,12-17,5251,87967,82.4916338,942.6311633
case,SEP 2021,202135,18-29,23691,119028,136.6118958,665.5056046
case,SEP 2021,202135,30-49,51195,171432,151.2578645,818.925436
case,SEP 2021,202135,50-64,38166,74444,126.1093632,689.4843085
case,SEP 2021,202135,65-79,27614,29145,116.9836696,779.6492525
case,SEP 2021,202135,80+,8840,7038,127.8355745,426.9879694
case,SEP 2021,202136,12-17,4618,67943,68.37037913,745.889746
case,SEP 2021,202136,18-29,21984,104478,123.9825398,595.6965687
case,SEP 2021,202136,30-49,47245,150910,137.0446456,738.5212457
case,SEP 2021,202136,50-64,35367,66923,115.5186109,634.1411922
case,SEP 2021,202136,65-79,25172,26190,106.0833477,717.1963881
case,SEP 2021,202136,80+,8211,6391,118.3022226,392.3759589
case,SEP 2021,202137,12-17,4418,55855,61.75035274,628.6888548
case,SEP 2021,202137,18-29,19556,89285,107.7935877,520.4905139
case,SEP 2021,202137,30-49,43481,128918,123.7473924,648.6073768
case,SEP 2021,202137,50-64,32977,58431,106.4666762,567.8795412
case,SEP 2021,202137,65-79,24024,23904,100.722021,671.2716904
case,SEP 2021,202137,80+,7759,5899,111.3766057,366.7923299
case,SEP 2021,202138,12-17,4010,45974,53.69970908,527.87408
case,SEP 2021,202138,18-29,15937,71383,86.15879059,423.8659139
case,SEP 2021,202138,30-49,39054,105381,109.3939652,542.458478
case,SEP 2021,202138,50-64,29280,48103,93.65246734,477.2360214
case,SEP 2021,202138,65-79,21412,20092,89.40522937,575.727699
case,SEP 2021,202138,80+,6964,5045,99.66545381,317.5308499
case,SEP 2021,202139,12-17,3797,38175,48.955521,445.5562894
case,SEP 2021,202139,18-29,14611,59402,77.3055817,358.611948
case,SEP 2021,202139,30-49,37624,89969,103.5404653,473.074545
case,SEP 2021,202139,50-64,27948,41966,88.49201663,424.6225639
case,SEP 2021,202139,65-79,20448,17994,85.01199208,537.4532306
case,SEP 2021,202139,80+,6535,4520,93.23677418,292.1651897
case,OCT 2021,202140,12-17,3523,31555,44.04268052,373.5723628
case,OCT 2021,202140,18-29,13579,51852,70.43378581,317.7024839
case,OCT 2021,202140,30-49,35593,79193,96.41624295,424.4005134
case,OCT 2021,202140,50-64,26414,37558,82.8782128,386.9202455
case,OCT 2021,202140,65-79,19157,16234,79.3266084,503.0258941
case,OCT 2021,202140,80+,6221,4133,88.5068436,274.0201938
case,OCT 2021,202141,12-17,3092,26091,37.77616644,312.7005614
case,OCT 2021,202141,18-29,12435,43896,63.47169175,272.5780552
case,OCT 2021,202141,30-49,32199,67929,86.12437811,370.287877
case,OCT 2021,202141,50-64,24222,32921,75.44346395,344.8359659
case,OCT 2021,202141,65-79,17019,14674,70.15874051,468.7175663
case,OCT 2021,202141,80+,5621,3924,79.68652758,266.1037167
case,OCT 2021,202142,12-17,3145,22707,37.68894053,275.1162462
case,OCT 2021,202142,18-29,11687,40618,58.80687705,255.3451456
case,OCT 2021,202142,30-49,31280,62464,82.72277902,345.8770426
case,OCT 2021,202142,50-64,23668,29989,73.23403193,319.2388088
case,OCT 2021,202142,65-79,15652,13547,64.26100353,441.9257255
case,OCT 2021,202142,80+,5253,3645,74.21511476,252.5583223
case,OCT 2021,202143,12-17,3183,22739,37.55646301,278.1709055
case,OCT 2021,202143,18-29,12891,41804,64.07213376,265.9732174
case,OCT 2021,202143,30-49,33020,62180,86.49421627,350.1541343
case,OCT 2021,202143,50-64,24403,30129,75.08671295,327.4037919
case,OCT 2021,202143,65-79,15406,13032,63.03950648,441.2845987
case,OCT 2021,202143,80+,5326,3672,75.01928303,265.0630066
case,NOV 2021,202144,12-17,3810,23970,44.3794943,296.1650518
case,NOV 2021,202144,18-29,16800,43894,82.61407861,282.6662614
case,NOV 2021,202144,30-49,37483,63526,97.36268253,364.0033539
case,NOV 2021,202144,50-64,25870,30293,79.20939289,336.3902691
case,NOV 2021,202144,65-79,15071,12905,61.481803,449.6686146
case,NOV 2021,202144,80+,5195,3463,72.96272483,257.7309901
case,NOV 2021,202145,12-17,4223,25852,48.65553792,323.4064209
case,NOV 2021,202145,18-29,17506,46794,85.29358098,304.8673624
case,NOV 2021,202145,30-49,42122,69520,108.5855654,405.0144895
case,NOV 2021,202145,50-64,29273,33628,89.20310572,381.227742
case,NOV 2021,202145,65-79,15584,13984,63.29805678,500.0827511
case,NOV 2021,202145,80+,5522,3796,77.22051996,290.3521621
case,NOV 2021,202146,12-17,4734,27027,54.02716971,342.6518006
case,NOV 2021,202146,18-29,18810,48618,90.86998664,320.7280655
case,NOV 2021,202146,30-49,46054,74899,117.880544,444.3241372
case,NOV 2021,202146,50-64,32528,37412,98.66710532,434.2422257
case,NOV 2021,202146,65-79,16817,15843,68.02873239,582.020258
case,NOV 2021,202146,80+,5545,4378,77.22379819,343.4841073
case,NOV 2021,202147,12-17,3858,19570,43.67716439,250.7750384
case,NOV 2021,202147,18-29,16958,42052,81.30127684,281.0171549
case,NOV 2021,202147,30-49,42274,66468,107.524371,401.4378757
case,NOV 2021,202147,50-64,29661,34081,89.60593508,405.5679707
case,NOV 2021,202147,65-79,15074,15062,60.77745444,564.7738456
case,NOV 2021,202147,80+,5112,4278,70.9468096,342.2452295
case,DEC 2021,202148,12-17,6977,33535,78.39992683,434.0873306
case,DEC 2021,202148,18-29,28705,68018,136.6420724,460.3036645
case,DEC 2021,202148,30-49,62471,98086,157.9548035,603.3079526
case,DEC 2021,202148,50-64,43464,48706,130.7770626,594.3535099
case,DEC 2021,202148,65-79,21013,20363,84.46193736,782.0810908
case,DEC 2021,202148,80+,6611,5392,91.44602713,439.8473293
case,DEC 2021,202149,5-11,31,44393,34.48314219,264.4256986
case,DEC 2021,202149,12-17,7017,31301,78.32335121,409.2295173
case,DEC 2021,202149,18-29,27597,60959,130.5373112,418.8543623
case,DEC 2021,202149,30-49,56370,89119,141.7860311,560.2223816
case,DEC 2021,202149,50-64,38817,45687,116.3671505,573.8936751
case,DEC 2021,202149,65-79,17800,19416,71.37793348,763.3095018
case,DEC 2021,202149,80+,5654,5192,78.01741386,432.0589398
case,DEC 2021,202150,5-11,665,52532,77.86155864,320.577875
case,DEC 2021,202150,12-17,15499,38132,171.2689984,503.9595024
case,DEC 2021,202150,18-29,72755,93835,342.0824246,654.9111391
case,DEC 2021,202150,30-49,106942,118303,267.6519598,758.6116105
case,DEC 2021,202150,50-64,54557,50556,162.9699148,651.2075378
case,DEC 2021,202150,65-79,21749,19770,87.01468693,793.2039792
case,DEC 2021,202150,80+,5772,5051,79.47420352,427.5950239
case,DEC 2021,202151,5-11,4047,68750,224.1628374,429.6239694
case,DEC 2021,202151,12-17,41488,55078,453.3766661,737.1270434
case,DEC 2021,202151,18-29,166767,177821,778.8016075,1264.990105
case,DEC 2021,202151,30-49,244568,212697,608.648625,1393.156642
case,DEC 2021,202151,50-64,121792,79717,362.3197891,1054.720424
case,DEC 2021,202151,65-79,42967,27955,171.4700311,1144.535674
case,DEC 2021,202151,80+,9751,7195,133.9403943,619.2742416
case,DEC 2021,202152,5-11,15640,137434,646.2310557,875.4480625
case,DEC 2021,202152,12-17,87382,99241,946.5733432,1343.106895
case,DEC 2021,202152,18-29,326999,367816,1517.393442,2658.634922
case,DEC 2021,202152,30-49,532822,457369,1319.111254,3050.361453
case,DEC 2021,202152,50-64,313578,188162,929.8189208,2537.832177
case,DEC 2021,202152,65-79,124913,65163,497.0104669,2724.798945
case,DEC 2021,202152,80+,30993,16780,423.5800985,1489.705804
case,JAN 2022,202201,5-11,35857,268962,1308.072937,1748.949344
case,JAN 2022,202201,12-17,167737,178593,1803.778432,2452.754135
case,JAN 2022,202201,18-29,445730,473192,2056.516011,3478.172409
case,JAN 2022,202201,30-49,696702,587396,1717.567823,3991.947275
case,JAN 2022,202201,50-64,417613,257555,1234.529289,3545.4798
case,JAN 2022,202201,65-79,169982,90918,675.1355181,3860.03835
case,JAN 2022,202201,80+,44849,25873,611.9515646,2322.748472
case,JAN 2022,202202,5-11,41753,283358,1382.508926,1881.543591
case,JAN 2022,202202,12-17,164085,199112,1752.557301,2779.911568
case,JAN 2022,202202,18-29,317043,363499,1455.383311,2721.654267
case,JAN 2022,202202,30-49,566892,493903,1392.442265,3426.532033
case,JAN 2022,202202,50-64,349406,225211,1030.301399,3161.83773
case,JAN 2022,202202,65-79,157722,85062,625.6305835,3660.765926
case,JAN 2022,202202,80+,43673,25534,595.2409347,2316.553382
case,JAN 2022,202203,5-11,38416,212422,1155.194708,1436.507533
case,JAN 2022,202203,12-17,113306,141459,1199.866529,2007.438901
case,JAN 2022,202203,18-29,218041,257778,995.3212265,1959.622553
case,JAN 2022,202203,30-49,430562,374932,1053.354651,2643.801836
case,JAN 2022,202203,50-64,261734,174169,769.7572518,2480.510551
case,JAN 2022,202203,65-79,129649,70905,513.5796681,3084.648578
case,JAN 2022,202203,80+,37842,22273,515.1827945,2037.558572
case,JAN 2022,202204,5-11,27325,132691,750.4728047,910.1681943
case,JAN 2022,202204,12-17,62344,81978,653.8153456,1178.649222
case,JAN 2022,202204,18-29,129289,163148,586.8099942,1256.814634
case,JAN 2022,202204,30-49,261947,239597,638.2439419,1713.300217
case,JAN 2022,202204,50-64,168739,121278,494.9649035,1748.305568
case,JAN 2022,202204,65-79,94203,54971,372.6691607,2414.611627
case,JAN 2022,202204,80+,28523,17766,387.8673916,1637.049774
case,FEB 2022,202205,5-11,16688,69169,428.8187365,479.3008606
case,FEB 2022,202205,12-17,31379,41393,326.1937455,601.1264168
case,FEB 2022,202205,18-29,67911,85671,306.7104651,666.9393454
case,FEB 2022,202205,30-49,140566,127193,341.3192046,919.533632
case,FEB 2022,202205,50-64,93138,68251,272.6125061,992.3126051
case,FEB 2022,202205,65-79,58176,34177,229.8995229,1511.163384
case,FEB 2022,202205,80+,19310,11878,262.3414251,1100.212165
case,FEB 2022,202206,5-11,10483,36693,251.6378182,256.8253329
case,FEB 2022,202206,12-17,17381,22019,179.0470547,322.8913373
case,FEB 2022,202206,18-29,40088,48759,180.1574508,383.0745458
case,FEB 2022,202206,30-49,81993,71418,198.4184938,521.484378
case,FEB 2022,202206,50-64,55775,40119,162.9214927,587.5312538
case,FEB 2022,202206,65-79,37818,22680,149.3033358,1009.122593
case,FEB 2022,202206,80+,13463,7931,182.7568138,738.156811
case,FEB 2022,202207,5-11,6151,18455,138.9651065,130.0607589
case,FEB 2022,202207,12-17,9782,11567,99.89939594,170.79471
case,FEB 2022,202207,18-29,24368,29153,108.9615218,230.7596531
case,FEB 2022,202207,30-49,46904,39757,113.1242591,292.6218259
case,FEB 2022,202207,50-64,32418,22765,94.51702973,335.1894915
case,FEB 2022,202207,65-79,23156,13482,91.34108631,602.4890547
case,FEB 2022,202207,80+,8676,4945,117.6893655,461.9915273
case,FEB 2022,202208,5-11,3281,9154,70.45448836,64.95006175
case,FEB 2022,202208,12-17,4814,5866,48.77131047,87.18402294
case,FEB 2022,202208,18-29,15201,17539,67.64342388,139.7423877
case,FEB 2022,202208,30-49,28160,23480,67.70335994,174.0227877
case,FEB 2022,202208,50-64,19733,13455,57.43451743,199.0539
case,FEB 2022,202208,65-79,14900,8259,58.72852345,370.4840444
case,FEB 2022,202208,80+,5836,3331,79.11252985,312.1632279
case,MAR 2022,202209,5-11,2859,6222,59.16478936,44.38746159
case,MAR 2022,202209,12-17,3795,4151,38.20189951,62.03753009
case,MAR 2022,202209,18-29,11412,11786,50.56998694,94.46160532
case,MAR 2022,202209,30-49,19941,15401,47.81527636,114.8124126
case,MAR 2022,202209,50-64,14099,9260,40.97885251,137.5507094
case,MAR 2022,202209,65-79,10662,5807,41.99646069,261.3616243
case,MAR 2022,202209,80+,4125,2193,55.88507049,206.1208493
case,MAR 2022,202210,5-11,2249,4407,45.25735518,31.57069019
case,MAR 2022,202210,12-17,2773,2867,27.76615709,43.03019633
case,MAR 2022,202210,18-29,8713,8229,38.47631836,66.26605859
case,MAR 2022,202210,30-49,15159,10743,36.27055523,80.45681196
case,MAR 2022,202210,50-64,10248,6250,29.75199586,93.13373825
case,MAR 2022,202210,65-79,7701,3785,30.31678656,170.7903936
case,MAR 2022,202210,80+,2913,1484,39.44578737,139.7854491
case,MAR 2022,202211,5-11,2204,3947,43.40311967,28.38023562
case,MAR 2022,202211,12-17,2930,2834,29.21362699,42.71190773
case,MAR 2022,202211,18-29,8167,7072,35.95932541,57.19722131
case,MAR 2022,202211,30-49,15150,9499,36.18242592,71.44279058
case,MAR 2022,202211,50-64,10102,5411,29.30060398,80.86918819
case,MAR 2022,202211,65-79,6982,3321,27.47331369,150.2636571
case,MAR 2022,202211,80+,2510,1260,33.97419585,118.9558003
case,MAR 2022,202212,5-11,2612,4264,50.60823856,30.77652626
case,MAR 2022,202212,12-17,3098,2687,30.78505059,40.69201566
case,MAR 2022,202212,18-29,11053,7825,48.55032285,63.54025342
case,MAR 2022,202212,30-49,17881,9377,42.64111141,70.80071677
case,MAR 2022,202212,50-64,11564,5083,33.51608546,76.18493542
case,MAR 2022,202212,65-79,7718,2861,30.35778443,129.7617335
case,MAR 2022,202212,80+,2524,973,34.15226144,92.05934242
case,MAR 2022,202213,5-11,2773,3657,53.01163637,26.48563059
case,MAR 2022,202213,12-17,3339,2502,33.08290791,37.98806003
case,MAR 2022,202213,18-29,13134,9219,57.56823265,75.12050938
case,MAR 2022,202213,30-49,21661,10568,51.58850611,80.05746926
case,MAR 2022,202213,50-64,14215,5399,41.17290439,81.16157472
case,MAR 2022,202213,65-79,8997,2930,35.37633649,133.5874839
case,MAR 2022,202213,80+,2803,1083,37.91539713,102.8788064
case,APR 2022,202214,5-11,3634,4431,68.64877894,32.15313921
case,APR 2022,202214,12-17,4368,3073,43.16694787,46.78164935
case,APR 2022,202214,18-29,16999,11482,74.37659233,93.87576333
case,APR 2022,202214,30-49,28408,12786,67.58435763,97.16621933
case,APR 2022,202214,50-64,19379,6823,56.09878365,102.9436995
case,APR 2022,202214,65-79,12228,3553,48.06453629,163.3367777
case,APR 2022,202214,80+,3874,1278,52.38516102,122.3617601
case,APR 2022,202215,5-11,4383,5111,82.01581897,37.15017254
case,APR 2022,202215,12-17,5269,3383,51.96425167,51.60456958
case,APR 2022,202215,18-29,21612,14164,94.41341429,116.206385
case,APR 2022,202215,30-49,37183,16154,88.37758361,123.1651958
case,APR 2022,202215,50-64,26327,8650,76.16066693,131.0227941
case,APR 2022,202215,65-79,16616,4632,65.2643891,214.7639356
case,APR 2022,202215,80+,5464,1655,73.83279925,159.8092023
case,APR 2022,202216,5-11,4874,6328,90.55187597,46.09273731
case,APR 2022,202216,12-17,5727,3751,56.38676338,57.37985033
case,APR 2022,202216,18-29,24490,16421,106.8401284,135.1040262
case,APR 2022,202216,30-49,43691,19867,103.7611376,151.8859732
case,APR 2022,202216,50-64,30692,10429,88.68866675,158.5140938
case,APR 2022,202216,65-79,20489,5567,80.28395592,260.0737466
case,APR 2022,202216,80+,7385,2139,99.54862752,208.2319371
case,APR 2022,202217,5-11,7132,9507,131.6788425,69.37889216
case,APR 2022,202217,12-17,8630,5884,84.84057247,90.21440487
case,APR 2022,202217,18-29,30641,19974,133.5071426,164.8028368
case,APR 2022,202217,30-49,56937,25393,135.1167308,194.6547751
case,APR 2022,202217,50-64,39466,13096,113.9149906,199.7233612
case,APR 2022,202217,65-79,25105,6929,98.13954494,325.965865
case,APR 2022,202217,80+,9109,2877,122.4561019,282.3137501
case,MAY 2022,202218,5-11,9838,13180,180.6362295,96.35637647
case,MAY 2022,202218,12-17,12146,8473,119.2250314,130.1870665
case,MAY 2022,202218,18-29,38082,25294,165.7396238,209.2702571
case,MAY 2022,202218,30-49,74521,33522,176.7269228,257.6424393
case,MAY 2022,202218,50-64,51738,17279,149.1905595,264.3605302
case,MAY 2022,202218,65-79,31756,8805,123.9086319,416.8140664
case,MAY 2022,202218,80+,10705,3373,143.574084,333.3682713
case,MAY 2022,202219,5-11,12230,17447,223.4036412,127.7869205
case,MAY 2022,202219,12-17,15155,11445,148.5323281,176.3068
case,MAY 2022,202219,18-29,43397,30477,188.6560492,252.859741
case,MAY 2022,202219,30-49,89755,43325,212.7141364,333.8203373
case,MAY 2022,202219,50-64,63275,22584,182.2889628,346.6247758
case,MAY 2022,202219,65-79,38268,11295,149.0822457,537.9286874
case,MAY 2022,202219,80+,12968,4373,173.5534193,435.1793926
case,MAY 2022,202220,5-11,11621,17706,211.2932525,129.9417838
case,MAY 2022,202220,12-17,16609,12570,162.5685856,194.1390997
case,MAY 2022,202220,18-29,47833,34144,207.7068792,284.1217593
case,MAY 2022,202220,30-49,96242,49558,227.9401171,382.8995181
case,MAY 2022,202220,50-64,68880,26416,198.257761,406.8306334
case,MAY 2022,202220,65-79,41634,13150,161.9653599,630.1195114
case,MAY 2022,202220,80+,13983,4883,186.7825592,489.3658633
case,MAY 2022,202221,5-11,10852,15910,196.4663218,117.0115013
case,MAY 2022,202221,12-17,16448,11652,160.7846384,180.3958677
case,MAY 2022,202221,18-29,48940,35075,212.2917901,292.6814452
case,MAY 2022,202221,30-49,95210,49813,225.359711,385.8723842
case,MAY 2022,202221,50-64,68968,26802,198.3397872,414.210393
case,MAY 2022,202221,65-79,42183,13486,163.8844071,650.0904058
case,MAY 2022,202221,80+,13922,4883,185.6629081,492.5422914
case,JUN 2022,202222,5-11,8638,12784,155.7029308,94.18380385
case,JUN 2022,202222,12-17,12899,9002,125.9254407,139.6648478
case,JUN 2022,202222,18-29,47274,36127,204.8517637,302.1673884
case,JUN 2022,202222,30-49,91537,51142,216.5325847,396.9874473
case,JUN 2022,202222,50-64,66245,26948,190.3351355,417.5835915
case,JUN 2022,202222,65-79,41907,14081,162.5986006,681.6738183
case,JUN 2022,202222,80+,14078,4972,187.4370322,503.7298756
case,JUN 2022,202223,5-11,7614,12080,136.5560612,89.1862354
case,JUN 2022,202223,12-17,11210,7916,109.283928,123.1061696
case,JUN 2022,202223,18-29,44724,36417,193.6075986,305.4154315
case,JUN 2022,202223,30-49,88952,51821,210.2904245,403.2330794
case,JUN 2022,202223,50-64,66189,27550,189.9933669,428.212891
case,JUN 2022,202223,65-79,42103,14445,163.1479305,702.8011381
case,JUN 2022,202223,80+,14133,5218,187.8703271,531.3710825
case,JUN 2022,202224,5-11,6227,10796,111.2071521,79.87221629
case,JUN 2022,202224,12-17,9006,7221,87.68703964,112.5671802
case,JUN 2022,202224,18-29,42324,36365,183.0550391,305.7463498
case,JUN 2022,202224,30-49,84742,51693,200.2343968,403.1484087
case,JUN 2022,202224,50-64,64226,28171,184.2293102,439.0374639
case,JUN 2022,202224,65-79,42288,15029,163.7278499,734.093282
case,JUN 2022,202224,80+,14192,5147,188.4657926,526.4261692
case,JUN 2022,202225,5-11,6292,11336,111.8613375,84.04412376
case,JUN 2022,202225,12-17,9260,7401,90.03892385,115.6289898
case,JUN 2022,202225,18-29,45890,39268,198.2841872,330.9470557
case,JUN 2022,202225,30-49,91632,55944,216.3934728,437.2186964
case,JUN 2022,202225,50-64,69421,29373,198.987985,458.9238184
case,JUN 2022,202225,65-79,45871,15556,177.4503368,762.569766
case,JUN 2022,202225,80+,15655,5419,207.6806692,556.2664717
case,JUN 2022,202226,5-11,6235,12966,110.3474982,96.32673172
case,JUN 2022,202226,12-17,9597,8242,93.19724225,129.0431067
case,JUN 2022,202226,18-29,48777,43926,210.5578962,371.0957267
case,JUN 2022,202226,30-49,96447,62314,227.6422403,488.0230877
case,JUN 2022,202226,50-64,73900,32690,211.6915556,511.9534875
case,JUN 2022,202226,65-79,50000,17743,193.2853852,872.7386843
case,JUN 2022,202226,80+,16969,6292,224.9252249,648.0468884
case,JUL 2022,202227,5-11,6153,13550,108.4364549,100.8503133
case,JUL 2022,202227,12-17,9286,8882,90.06797387,139.318038
case,JUL 2022,202227,18-29,49758,45989,214.6073795,389.3008423
case,JUL 2022,202227,30-49,98922,64903,233.3705495,509.1707614
case,JUL 2022,202227,50-64,76569,34170,219.2110207,536.3062456
case,JUL 2022,202227,65-79,52386,18467,202.3852801,911.1067749
case,JUL 2022,202227,80+,18037,6646,238.9104085,686.2863749
case,JUL 2022,202228,5-11,6425,15990,112.7573786,119.2956943
case,JUL 2022,202228,12-17,10163,10236,98.45509874,160.9224712
case,JUL 2022,202228,18-29,51493,50566,221.8969207,429.146486
case,JUL 2022,202228,30-49,102100,71697,240.7546955,563.7700454
case,JUL 2022,202228,50-64,81331,37537,232.7247559,590.9459002
case,JUL 2022,202228,65-79,56003,20184,216.2430903,1000.696829
case,JUL 2022,202228,80+,19522,7183,258.4163691,744.5935336
case,JUL 2022,202229,5-11,6528,16941,114.1531551,126.7203004
case,JUL 2022,202229,12-17,9739,10510,94.25214806,165.6111777
case,JUL 2022,202229,18-29,48567,49846,209.124479,424.0736268
case,JUL 2022,202229,30-49,98148,71629,231.3388914,564.4842098
case,JUL 2022,202229,50-64,79291,38136,226.7832989,602.2996837
case,JUL 2022,202229,65-79,55648,20490,214.7757391,1021.045039
case,JUL 2022,202229,80+,19736,7449,261.1221345,775.3395194
case,JUL 2022,202230,5-11,5820,16410,101.3523221,123.0807448
case,JUL 2022,202230,12-17,8915,10010,86.18227876,158.1049394
case,JUL 2022,202230,18-29,43719,46146,188.0846428,393.5306985
case,JUL 2022,202230,30-49,88281,66553,207.9818712,525.5892708
case,JUL 2022,202230,50-64,72199,35788,206.3691902,566.7498289
case,JUL 2022,202230,65-79,51399,19475,198.2422012,974.4772036
case,JUL 2022,202230,80+,18409,7263,243.3887799,758.8149156
case,AUG 2022,202231,5-11,5262,15382,91.20881845,115.6939671
case,AUG 2022,202231,12-17,8005,9398,77.2938333,148.7914769
case,AUG 2022,202231,18-29,38578,40647,165.8097309,347.3801798
case,AUG 2022,202231,30-49,76917,59293,181.1086002,469.1969396
case,AUG 2022,202231,50-64,63223,31645,180.563375,502.3283223
case,AUG 2022,202231,65-79,45465,17724,175.2011134,889.8861308
case,AUG 2022,202231,80+,16748,6517,221.236074,682.7805818
case,AUG 2022,202232,5-11,5181,18657,89.40368724,140.6992247
case,AUG 2022,202232,12-17,8339,11752,80.43577885,186.4852762
case,AUG 2022,202232,18-29,32953,35903,141.5171317,307.5509001
case,AUG 2022,202232,30-49,66488,52177,156.4857382,413.6847883
case,AUG 2022,202232,50-64,55194,27909,157.5348774,443.9387049
case,AUG 2022,202232,65-79,40372,15765,155.4640746,793.8783994
case,AUG 2022,202232,80+,15419,5914,203.5276453,621.0968777
case,AUG 2022,202233,5-11,5500,23638,94.46359193,178.6426034
case,AUG 2022,202233,12-17,9612,15973,92.61087218,253.9558073
case,AUG 2022,202233,18-29,28344,31175,121.6236134,267.6468106
case,AUG 2022,202233,30-49,58162,46333,136.8324697,367.9830463
case,AUG 2022,202233,50-64,48632,24972,138.7383076,397.9405192
case,AUG 2022,202233,65-79,36326,14405,139.8138536,727.2176541
case,AUG 2022,202233,80+,13912,5434,183.5367097,571.9016329
case,AUG 2022,202234,5-11,5234,21407,89.45999255,162.1159175
case,AUG 2022,202234,12-17,10620,18441,102.2139228,293.7161843
case,AUG 2022,202234,18-29,27292,29607,117.0128253,254.7147873
case,AUG 2022,202234,30-49,54118,42632,127.2673988,339.1504574
case,AUG 2022,202234,50-64,45278,22566,129.1170312,360.1928224
case,AUG 2022,202234,65-79,34188,12866,131.5333433,650.9448592
case,AUG 2022,202234,80+,13319,4809,175.641264,507.0445345
case,AUG 2022,202235,5-11,3927,14348,66.82005616,108.842976
case,AUG 2022,202235,12-17,9363,14816,90.02946078,236.3315398
case,AUG 2022,202235,18-29,24857,26085,106.4871937,224.8308791
case,AUG 2022,202235,30-49,46050,36155,108.2533481,288.0352018
case,AUG 2022,202235,50-64,39264,19380,111.9276302,309.7230157
case,AUG 2022,202235,65-79,31106,11559,119.6366645,585.594497
case,AUG 2022,202235,80+,12104,4394,159.5626738,463.8218924
case,SEP 2022,202236,5-11,2860,9195,48.4571317,69.83595045
case,SEP 2022,202236,12-17,6297,8742,60.49426611,139.5741599
case,SEP 2022,202236,18-29,19899,19763,85.18475726,170.5780449
case,SEP 2022,202236,30-49,38247,27722,89.87767781,221.1019892
case,SEP 2022,202236,50-64,32954,15553,93.91132906,248.7636313
case,SEP 2022,202236,65-79,26944,9712,103.6013044,492.6734357
case,SEP 2022,202236,80+,11021,4086,145.2467376,431.6289588
case,SEP 2022,202237,5-11,3210,8984,54.18028769,68.32297664
case,SEP 2022,202237,12-17,6356,7895,61.01328124,126.1928783
case,SEP 2022,202237,18-29,17356,17365,74.25001644,150.1433214
case,SEP 2022,202237,30-49,35103,24501,82.46178751,195.7041857
case,SEP 2022,202237,50-64,31249,14123,89.03064097,226.1735212
case,SEP 2022,202237,65-79,25560,9017,98.25985658,458.5897336
case,SEP 2022,202237,80+,10390,3753,136.90154,396.9826358
case,SEP 2022,202238,5-11,2554,7004,42.98825246,53.32064113
case,SEP 2022,202238,12-17,5461,6858,52.39426739,109.7172038
case,SEP 2022,202238,18-29,14576,14410,62.32550857,124.8001336
case,SEP 2022,202238,30-49,31590,22412,74.18949387,179.2622098
case,SEP 2022,202238,50-64,28428,13660,80.98327161,219.0238153
case,SEP 2022,202238,65-79,23919,8727,91.94566312,445.1764012
case,SEP 2022,202238,80+,9765,3680,128.6546518,389.9579884
death,APR 2021,202114,12-17,0,2,0.0,0.0124836
death,APR 2021,202114,18-29,0,24,0.0,0.084563468
death,APR 2021,202114,30-49,2,214,0.0297741,0.566067227
death,APR 2021,202114,50-64,9,651,0.133756599,3.118246494
death,APR 2021,202114,65-79,54,767,0.412253927,10.84763444
death,APR 2021,202114,80+,69,581,1.539212097,24.87405636
death,APR 2021,202115,12-17,0,4,0.0,0.0253363
death,APR 2021,202115,18-29,0,35,0.0,0.131099321
death,APR 2021,202115,30-49,3,202,0.0362915,0.577331051
death,APR 2021,202115,50-64,16,569,0.184910986,3.002929307
death,APR 2021,202115,65-79,52,791,0.347900507,12.18921734
death,APR 2021,202115,80+,90,541,1.858265928,24.47403445
death,APR 2021,202116,12-17,0,0,0.0,0.0
death,APR 2021,202116,18-29,0,20,0.0,0.079051124
death,APR 2021,202116,30-49,4,184,0.0384098,0.562101217
death,APR 2021,202116,50-64,19,522,0.169210358,2.970420248
death,APR 2021,202116,65-79,59,737,0.360926004,12.16683186
death,APR 2021,202116,80+,99,497,1.930452993,23.50188488
death,APR 2021,202117,12-17,0,4,0.0,0.0261354
death,APR 2021,202117,18-29,0,22,0.0,0.090982369
death,APR 2021,202117,30-49,4,175,0.0316405,0.565324196
death,APR 2021,202117,50-64,25,469,0.179245918,2.855266713
death,APR 2021,202117,65-79,66,583,0.380719906,10.21497529
death,APR 2021,202117,80+,93,420,1.745156815,20.61338565
death,MAY 2021,202118,12-17,0,2,0.0,0.0132008
death,MAY 2021,202118,18-29,0,21,0.0,0.089839803
death,MAY 2021,202118,30-49,4,154,0.0269864,0.519336622
death,MAY 2021,202118,50-64,28,399,0.169351155,2.564031382
death,MAY 2021,202118,65-79,50,555,0.277024302,10.23181985
death,MAY 2021,202118,80+,70,388,1.279667023,19.65106197
death,MAY 2021,202119,12-17,0,1,0.0,0.00675953
death,MAY 2021,202119,18-29,0,22,0.0,0.096879345
death,MAY 2021,202119,30-49,2,139,0.0116169,0.485245042
death,MAY 2021,202119,50-64,11,353,0.0586151,2.367081659
death,MAY 2021,202119,65-79,53,447,0.284894404,8.594026825
death,MAY 2021,202119,80+,68,285,1.21838449,14.8187819
death,MAY 2021,202120,12-17,0,1,0.0,0.00733262
death,MAY 2021,202120,18-29,1,12,0.0119262,0.054577
death,MAY 2021,202120,30-49,1,113,0.00506386,0.410045714
death,MAY 2021,202120,50-64,19,283,0.092399293,1.982834955
death,MAY 2021,202120,65-79,59,413,0.309491036,8.275045688
death,MAY 2021,202120,80+,68,225,1.198423509,11.98603228
death,MAY 2021,202121,12-17,0,1,0.0,0.00770728
death,MAY 2021,202121,18-29,2,8,0.0205108,0.0374104
death,MAY 2021,202121,30-49,0,87,0.0,0.32603678
death,MAY 2021,202121,50-64,22,229,0.100501874,1.662510994
death,MAY 2021,202121,65-79,46,355,0.236783199,7.356764317
death,MAY 2021,202121,80+,47,207,0.817245621,11.2454346
death,JUN 2021,202122,12-17,0,0,0.0,0.0
death,JUN 2021,202122,18-29,0,10,0.0,0.0477029
death,JUN 2021,202122,30-49,2,88,0.0084348,0.337682933
death,JUN 2021,202122,50-64,18,208,0.078410593,1.549658047
death,JUN 2021,202122,65-79,40,255,0.202689076,5.413273729
death,JUN 2021,202122,80+,50,139,0.859329482,7.654185022
death,JUN 2021,202123,12-17,0,0,0.0,0.0
death,JUN 2021,202123,18-29,0,10,0.0,0.0485982
death,JUN 2021,202123,30-49,1,88,0.00400051,0.34527631
death,JUN 2021,202123,50-64,12,208,0.0505439,1.586865877
death,JUN 2021,202123,65-79,40,225,0.200251035,4.88559309
death,JUN 2021,202123,80+,45,136,0.766336115,7.58942971
death,JUN 2021,202124,12-17,0,1,0.0,0.0084087
death,JUN 2021,202124,18-29,0,13,0.0,0.064237136
death,JUN 2021,202124,30-49,4,88,0.0154708,0.352108773
death,JUN 2021,202124,50-64,15,195,0.0618074,1.518603595
death,JUN 2021,202124,65-79,42,226,0.208465951,5.002341361
death,JUN 2021,202124,80+,63,143,1.065896244,8.071380353
death,JUN 2021,202125,12-17,0,0,0.0,0.0
death,JUN 2021,202125,18-29,0,12,0.0,0.060216
death,JUN 2021,202125,30-49,4,100,0.0150002,0.407376978
death,JUN 2021,202125,50-64,20,228,0.080842949,1.810368648
death,JUN 2021,202125,65-79,59,261,0.290602058,5.883304453
death,JUN 2021,202125,80+,62,140,1.042789347,7.986614434
death,JUN 2021,202126,12-17,0,0,0.0,0.0
death,JUN 2021,202126,18-29,0,13,0.0,0.066208706
death,JUN 2021,202126,30-49,8,155,0.0291701,0.642378994
death,JUN 2021,202126,50-64,22,301,0.087418829,2.433833094
death,JUN 2021,202126,65-79,49,295,0.239703417,6.762811068
death,JUN 2021,202126,80+,73,173,1.221561463,9.962235641
death,JUL 2021,202127,12-17,0,1,0.0,0.0090304
death,JUL 2021,202127,18-29,0,27,0.0,0.139246941
death,JUL 2021,202127,30-49,10,224,0.035754,0.941862883
death,JUL 2021,202127,50-64,37,466,0.145236561,3.826363249
death,JUL 2021,202127,65-79,91,453,0.442938928,10.53750266
death,JUL 2021,202127,80+,130,227,2.167309635,13.17956019
death,JUL 2021,202128,12-17,0,1,0.0,0.0092372
death,JUL 2021,202128,18-29,0,41,0.0,0.214349127
death,JUL 2021,202128,30-49,16,353,0.0563329,1.507412584
death,JUL 2021,202128,50-64,55,679,0.213863437,5.668244732
death,JUL 2021,202128,65-79,190,705,0.921216007,16.65726575
death,JUL 2021,202128,80+,210,325,3.490600975,19.0351242
death,JUL 2021,202129,12-17,1,3,0.0228645,0.0284619
death,JUL 2021,202129,18-29,0,78,0.0,0.414064915
death,JUL 2021,202129,30-49,19,615,0.06606237,2.675355991
death,JUL 2021,202129,50-64,107,1127,0.412873376,9.6079488
death,JUL 2021,202129,65-79,307,1122,1.483523801,27.04034528
death,JUL 2021,202129,80+,347,637,5.753424158,37.70116412
death,JUL 2021,202130,12-17,0,3,0.0,0.0294255
death,JUL 2021,202130,18-29,2,109,0.0137954,0.590703658
death,JUL 2021,202130,30-49,40,949,0.137346313,4.237214729
death,JUL 2021,202130,50-64,172,1681,0.658635223,14.7511483
death,JUL 2021,202130,65-79,458,1691,2.205794246,41.84611602
death,JUL 2021,202130,80+,530,885,8.765024575,53.05822196
death,AUG 2021,202131,12-17,0,14,0.0,0.142943697
death,AUG 2021,202131,18-29,2,129,0.0135703,0.715937921
death,AUG 2021,202131,30-49,46,1138,0.156152813,5.238120686
death,AUG 2021,202131,50-64,206,2279,0.783123372,20.6620674
death,AUG 2021,202131,65-79,621,2229,2.981291174,56.76881603
death,AUG 2021,202131,80+,736,1165,12.14223106,70.84164126
death,AUG 2021,202132,12-17,0,8,0.0,0.085226071
death,AUG 2021,202132,18-29,3,138,0.0200463,0.785485548
death,AUG 2021,202132,30-49,44,1321,0.147771182,6.282505785
death,AUG 2021,202132,50-64,271,2593,1.023125506,24.3016987
death,AUG 2021,202132,65-79,706,2627,3.379045695,68.85219396
death,AUG 2021,202132,80+,903,1357,14.86397977,83.69424033
death,AUG 2021,202133,12-17,2,2,0.0381995,0.0221011
death,AUG 2021,202133,18-29,2,146,0.0131647,0.852207591
death,AUG 2021,202133,30-49,47,1318,0.156168982,6.473918116
death,AUG 2021,202133,50-64,252,2704,0.944786773,26.16404859
death,AUG 2021,202133,65-79,775,2810,3.697945336,75.95823373
death,AUG 2021,202133,80+,951,1494,15.61895145,93.6131284
death,AUG 2021,202134,12-17,0,14,0.0,0.160146676
death,AUG 2021,202134,18-29,1,132,0.00647506,0.790075739
death,AUG 2021,202134,30-49,45,1252,0.147698828,6.350886263
death,AUG 2021,202134,50-64,254,2556,0.944630871,25.52427622
death,AUG 2021,202134,65-79,773,2763,3.675467708,77.00032699
death,AUG 2021,202134,80+,874,1372,14.31809968,87.34330566
death,SEP 2021,202135,12-17,0,9,0.0,0.106402825
death,SEP 2021,202135,18-29,5,121,0.0317377,0.742251417
death,SEP 2021,202135,30-49,53,1159,0.171190367,6.066406793
death,SEP 2021,202135,50-64,235,2429,0.864857003,25.01552528
death,SEP 2021,202135,65-79,732,2614,3.464084689,75.10647255
death,SEP 2021,202135,80+,830,1378,13.55141644,89.09008508
death,SEP 2021,202136,12-17,0,6,0.0,0.072727749
death,SEP 2021,202136,18-29,3,112,0.0186119,0.700858639
death,SEP 2021,202136,30-49,49,996,0.155275744,5.344499689
death,SEP 2021,202136,50-64,211,2116,0.767186468,22.31673907
death,SEP 2021,202136,65-79,681,2358,3.205145538,69.35484946
death,SEP 2021,202136,80+,796,1179,12.9461144,77.1251108
death,SEP 2021,202137,12-17,0,5,0.0,0.0622079
death,SEP 2021,202137,18-29,8,115,0.0484799,0.736231448
death,SEP 2021,202137,30-49,38,848,0.118069283,4.682150708
death,SEP 2021,202137,50-64,223,1749,0.801018896,18.93960723
death,SEP 2021,202137,65-79,597,2043,2.794590297,61.62380537
death,SEP 2021,202137,80+,730,1054,11.82655083,69.81510258
death,SEP 2021,202138,12-17,1,6,0.0145869,0.076210964
death,SEP 2021,202138,18-29,2,82,0.01188,0.534841883
death,SEP 2021,202138,30-49,46,650,0.140592787,3.673070297
death,SEP 2021,202138,50-64,164,1484,0.583356152,16.41359789
death,SEP 2021,202138,65-79,495,1639,2.307210956,50.43219297
death,SEP 2021,202138,80+,654,851,10.56184152,57.04934869
death,SEP 2021,202139,12-17,1,6,0.0140396,0.077514833
death,SEP 2021,202139,18-29,1,53,0.00580985,0.351527653
death,SEP 2021,202139,30-49,38,546,0.114041097,3.152683419
death,SEP 2021,202139,50-64,152,1195,0.534986875,13.48888482
death,SEP 2021,202139,65-79,458,1351,2.125087859,43.31492556
death,SEP 2021,202139,80+,530,758,8.531557911,52.17812704
death,OCT 2021,202140,12-17,0,6,0.0,0.078674183
death,OCT 2021,202140,18-29,0,43,0.0,0.289571123
death,OCT 2021,202140,30-49,22,452,0.064964107,2.661311229
death,OCT 2021,202140,50-64,128,995,0.446273935,11.44409267
death,OCT 2021,202140,65-79,405,1202,1.871286354,39.95405948
death,OCT 2021,202140,80+,477,705,7.655660277,49.75619465
death,OCT 2021,202141,12-17,0,5,0.0,0.066405939
death,OCT 2021,202141,18-29,4,45,0.0224115,0.307232394
death,OCT 2021,202141,30-49,28,358,0.081617405,2.145010242
death,OCT 2021,202141,50-64,127,886,0.439414224,10.36797536
death,OCT 2021,202141,65-79,363,1107,1.669283326,37.91111535
death,OCT 2021,202141,80+,462,681,7.3866001,49.14352435
death,OCT 2021,202142,12-17,0,4,0.0,0.0537249
death,OCT 2021,202142,18-29,3,45,0.0165659,0.311131454
death,OCT 2021,202142,30-49,23,336,0.066273799,2.045772578
death,OCT 2021,202142,50-64,109,784,0.374573188,9.330203272
death,OCT 2021,202142,65-79,376,995,1.721632288,34.76953954
death,OCT 2021,202142,80+,424,606,6.754371544,44.66845832
death,OCT 2021,202143,12-17,1,1,0.0128394,0.0135654
death,OCT 2021,202143,18-29,1,33,0.00545383,0.23098217
death,OCT 2021,202143,30-49,24,299,0.068493772,1.852130486
death,OCT 2021,202143,50-64,89,701,0.304094229,8.524700289
death,OCT 2021,202143,65-79,335,935,1.528509897,33.83101959
death,OCT 2021,202143,80+,456,603,7.240930695,46.26944007
death,NOV 2021,202144,12-17,0,4,0.0,0.0548239
death,NOV 2021,202144,18-29,0,34,0.0,0.240963189
death,NOV 2021,202144,30-49,29,292,0.082071382,1.841337381
death,NOV 2021,202144,50-64,109,798,0.370559364,9.927278332
death,NOV 2021,202144,65-79,360,978,1.637345888,36.43144939
death,NOV 2021,202144,80+,483,581,7.646097451,45.89405953
death,NOV 2021,202145,12-17,0,3,0.0,0.0416334
death,NOV 2021,202145,18-29,0,35,0.0,0.251010497
death,NOV 2021,202145,30-49,25,332,0.07021443,2.129450857
death,NOV 2021,202145,50-64,133,785,0.449945599,9.979315485
death,NOV 2021,202145,65-79,363,993,1.643398089,37.99297899
death,NOV 2021,202145,80+,517,673,8.146618972,54.55772211
death,NOV 2021,202146,12-17,1,2,0.0124162,0.0281318
death,NOV 2021,202146,18-29,1,47,0.00529967,0.3413921
death,NOV 2021,202146,30-49,37,354,0.103178653,2.313017374
death,NOV 2021,202146,50-64,147,889,0.494963927,11.58439919
death,NOV 2021,202146,65-79,412,1228,1.857286544,48.31646244
death,NOV 2021,202146,80+,540,730,8.472151098,60.61482195
death,NOV 2021,202147,12-17,0,0,0.0,0.0
death,NOV 2021,202147,18-29,3,48,0.0157775,0.353250764
death,NOV 2021,202147,30-49,18,356,0.0498786,2.368796299
death,NOV 2021,202147,50-64,172,892,0.576741375,11.92951795
death,NOV 2021,202147,65-79,459,1146,2.062064354,46.0560989
death,NOV 2021,202147,80+,500,728,7.816096626,61.55090179
death,DEC 2021,202148,12-17,0,0,0.0,0.0
death,DEC 2021,202148,18-29,0,46,0.0,0.342887394
death,DEC 2021,202148,30-49,37,372,0.101915732,2.521931311
death,DEC 2021,202148,50-64,171,1093,0.571015971,15.00892578
death,DEC 2021,202148,65-79,527,1505,2.359905138,62.04313272
death,DEC 2021,202148,80+,568,942,8.848172066,81.15485251
death,DEC 2021,202149,5-11,0,2,0.0,0.0124414
death,DEC 2021,202149,12-17,0,4,0.0,0.0548559
death,DEC 2021,202149,18-29,3,31,0.0149886,0.221330001
death,DEC 2021,202149,30-49,34,418,0.089825495,2.73235224
death,DEC 2021,202149,50-64,181,1087,0.57517287,14.34811264
death,DEC 2021,202149,65-79,505,1541,2.148442385,61.44196517
death,DEC 2021,202149,80+,517,941,7.649694308,78.31375587
death,DEC 2021,202150,5-11,0,2,0.0,0.0127436
death,DEC 2021,202150,12-17,1,3,0.0115856,0.0415822
death,DEC 2021,202150,18-29,3,42,0.0148973,0.304566209
death,DEC 2021,202150,30-49,37,392,0.097259567,2.613843381
death,DEC 2021,202150,50-64,169,1003,0.53507116,13.56881922
death,DEC 2021,202150,65-79,455,1417,1.931168888,57.75913
death,DEC 2021,202150,80+,457,784,6.746794571,66.32029539
death,DEC 2021,202151,5-11,0,1,0.0,0.00652368
death,DEC 2021,202151,12-17,1,0,0.0114601,0.0
death,DEC 2021,202151,18-29,5,44,0.0246586,0.325191763
death,DEC 2021,202151,30-49,49,356,0.128071126,2.424939605
death,DEC 2021,202151,50-64,225,976,0.709387965,13.54643138
death,DEC 2021,202151,65-79,582,1405,2.463777799,58.56614732
death,DEC 2021,202151,80+,576,967,8.482697286,83.10609503
death,DEC 2021,202152,5-11,0,3,0.0,0.0199501
death,DEC 2021,202152,12-17,0,3,0.0,0.0425685
death,DEC 2021,202152,18-29,18,65,0.08819081,0.488169879
death,DEC 2021,202152,30-49,116,512,0.301606787,3.546372642
death,DEC 2021,202152,50-64,530,1273,1.665196947,17.99745436
death,DEC 2021,202152,65-79,1276,2027,5.385923789,86.46770591
death,DEC 2021,202152,80+,1532,1648,22.46123202,145.2249926
death,JAN 2022,202201,5-11,0,2,0.0,0.0135746
death,JAN 2022,202201,12-17,2,7,0.0225615,0.100794433
death,JAN 2022,202201,18-29,16,64,0.077937323,0.488671525
death,JAN 2022,202201,30-49,167,599,0.432365605,4.221970159
death,JAN 2022,202201,50-64,754,1598,2.361605013,23.03593781
death,JAN 2022,202201,65-79,1910,2807,8.047344101,121.7531341
death,JAN 2022,202201,80+,2414,2493,35.33304616,222.0144467
death,JAN 2022,202202,5-11,0,4,0.0,0.0277183
death,JAN 2022,202202,12-17,4,3,0.0448193,0.0439125
death,JAN 2022,202202,18-29,24,63,0.116308964,0.489891592
death,JAN 2022,202202,30-49,135,506,0.348232347,3.636367007
death,JAN 2022,202202,50-64,724,1464,2.261833466,21.50562923
death,JAN 2022,202202,65-79,1992,2775,8.38174517,122.167169
death,JAN 2022,202202,80+,2594,2708,37.92414849,243.5696554
death,JAN 2022,202203,5-11,0,2,0.0,0.0141131
death,JAN 2022,202203,12-17,2,2,0.0222198,0.0297576
death,JAN 2022,202203,18-29,17,60,0.081922318,0.473348639
death,JAN 2022,202203,30-49,157,384,0.403359496,2.802157583
death,JAN 2022,202203,50-64,673,1271,2.096914529,18.92705222
death,JAN 2022,202203,65-79,1840,2679,7.731535961,119.3504715
death,JAN 2022,202203,80+,2330,2450,34.02480598,222.0977367
death,JAN 2022,202204,5-11,0,3,0.0,0.0214717
death,JAN 2022,202204,12-17,1,6,0.0110031,0.090449852
death,JAN 2022,202204,18-29,19,32,0.091033659,0.255541733
death,JAN 2022,202204,30-49,113,313,0.289131047,2.314444907
death,JAN 2022,202204,50-64,536,1139,1.66563062,17.15913962
death,JAN 2022,202204,65-79,1398,2184,5.866301771,98.33175495
death,JAN 2022,202204,80+,1834,2075,26.75019807,189.3932566
death,FEB 2022,202205,5-11,0,3,0.0,0.0216904
death,FEB 2022,202205,12-17,3,3,0.0327213,0.0456811
death,FEB 2022,202205,18-29,6,28,0.028606,0.225779241
death,FEB 2022,202205,30-49,75,198,0.191243457,1.47929634
death,FEB 2022,202205,50-64,363,770,1.125572495,11.69426052
death,FEB 2022,202205,65-79,1081,1574,4.531178209,71.38248833
death,FEB 2022,202205,80+,1191,1500,17.35506734,137.5821199
death,FEB 2022,202206,5-11,1,2,0.0253616,0.0146068
death,FEB 2022,202206,12-17,0,4,0.0,0.0615081
death,FEB 2022,202206,18-29,5,20,0.0237208,0.162650878
death,FEB 2022,202206,30-49,57,131,0.144854553,0.987959481
death,FEB 2022,202206,50-64,220,552,0.680776039,8.440417821
death,FEB 2022,202206,65-79,743,1182,3.111323355,53.97813365
death,FEB 2022,202206,80+,841,1054,12.24475652,97.11421964
death,FEB 2022,202207,5-11,0,0,0.0,0.0
death,FEB 2022,202207,12-17,0,1,0.0,0.0154838
death,FEB 2022,202207,18-29,2,14,0.0094409,0.114648045
death,FEB 2022,202207,30-49,40,94,0.101313615,0.714182001
death,FEB 2022,202207,50-64,157,380,0.48491445,5.838909466
death,FEB 2022,202207,65-79,493,731,2.062680665,33.5483518
death,FEB 2022,202207,80+,542,629,7.885595432,58.1597506
death,FEB 2022,202208,5-11,0,0,0.0,0.0
death,FEB 2022,202208,12-17,0,1,0.0,0.015586
death,FEB 2022,202208,18-29,2,10,0.0093952,0.082388818
death,FEB 2022,202208,30-49,13,70,0.0328238,0.535265921
death,FEB 2022,202208,50-64,101,242,0.311413656,3.734513958
death,FEB 2022,202208,65-79,318,497,1.32944057,22.9092181
death,FEB 2022,202208,80+,373,446,5.42316459,41.35864254
death,MAR 2022,202209,5-11,0,0,0.0,0.0
death,MAR 2022,202209,12-17,0,0,0.0,0.0
death,MAR 2022,202209,18-29,0,5,0.0,0.041422
death,MAR 2022,202209,30-49,15,51,0.0377736,0.392113266
death,MAR 2022,202209,50-64,79,168,0.243239325,2.602338269
death,MAR 2022,202209,65-79,226,343,0.944189711,15.87079489
death,MAR 2022,202209,80+,294,290,4.271980429,26.967263
death,MAR 2022,202210,5-11,0,1,0.0,0.00747462
death,MAR 2022,202210,12-17,0,1,0.0,0.0157402
death,MAR 2022,202210,18-29,0,9,0.0,0.074895823
death,MAR 2022,202210,30-49,11,38,0.0276413,0.293445011
death,MAR 2022,202210,50-64,52,105,0.159924024,1.631363545
death,MAR 2022,202210,65-79,157,207,0.655554976,9.605459688
death,MAR 2022,202210,80+,183,209,2.657789939,19.4746331
death,MAR 2022,202211,5-11,0,1,0.0,0.00750259
death,MAR 2022,202211,12-17,0,0,0.0,0.0
death,MAR 2022,202211,18-29,1,7,0.00464803,0.0584963
death,MAR 2022,202211,30-49,8,32,0.0200656,0.248122367
death,MAR 2022,202211,50-64,32,78,0.098321042,1.215304687
death,MAR 2022,202211,65-79,125,152,0.521688082,7.074693897
death,MAR 2022,202211,80+,145,123,2.10498779,11.48577405
death,MAR 2022,202212,5-11,0,1,0.0,0.00753163
death,MAR 2022,202212,12-17,0,0,0.0,0.0
death,MAR 2022,202212,18-29,1,2,0.00463688,0.0167771
death,MAR 2022,202212,30-49,7,21,0.0175311,0.163438964
death,MAR 2022,202212,50-64,29,59,0.089035931,0.921789648
death,MAR 2022,202212,65-79,76,122,0.317062973,5.69363967
death,MAR 2022,202212,80+,115,99,1.668905661,9.263366348
death,MAR 2022,202213,5-11,0,0,0.0,0.0
death,MAR 2022,202213,12-17,0,1,0.0,0.0159263
death,MAR 2022,202213,18-29,2,4,0.0092537,0.0336651
death,MAR 2022,202213,30-49,7,12,0.0175082,0.093687491
death,MAR 2022,202213,50-64,26,42,0.079772726,0.658061149
death,MAR 2022,202213,65-79,74,75,0.308610148,3.519724076
death,MAR 2022,202213,80+,116,83,1.682877174,7.796172727
death,APR 2022,202214,5-11,0,1,0.0,0.00757232
death,APR 2022,202214,12-17,0,0,0.0,0.0
death,APR 2022,202214,18-29,2,2,0.0092371,0.0168866
death,APR 2022,202214,30-49,5,13,0.0124923,0.101800305
death,APR 2022,202214,50-64,23,44,0.070527969,0.691831993
death,APR 2022,202214,65-79,86,71,0.358532189,3.361796783
death,APR 2022,202214,80+,117,77,1.696808463,7.287636728
death,APR 2022,202215,5-11,0,1,0.0,0.00758501
death,APR 2022,202215,12-17,0,1,0.0,0.0160009
death,APR 2022,202215,18-29,1,6,0.0046113,0.0508284
death,APR 2022,202215,30-49,8,15,0.0199687,0.117832418
death,APR 2022,202215,50-64,35,44,0.107251093,0.69447485
death,APR 2022,202215,65-79,90,67,0.374922505,3.20152863
death,APR 2022,202215,80+,121,80,1.75352001,7.633391489
death,APR 2022,202216,5-11,0,1,0.0,0.00760106
death,APR 2022,202216,12-17,0,0,0.0,0.0
death,APR 2022,202216,18-29,0,2,0.0,0.0169881
death,APR 2022,202216,30-49,10,12,0.0249403,0.094508927
death,APR 2022,202216,50-64,36,29,0.110187586,0.459238425
death,APR 2022,202216,65-79,102,58,0.423854521,2.794046542
death,APR 2022,202216,80+,199,88,2.876617121,8.462344418
death,APR 2022,202217,5-11,0,1,0.0,0.00761536
death,APR 2022,202217,12-17,0,1,0.0,0.0160834
death,APR 2022,202217,18-29,2,1,0.0091982,0.0085169
death,APR 2022,202217,30-49,14,22,0.0348897,0.173707447
death,APR 2022,202217,50-64,40,25,0.122289237,0.397186357
death,APR 2022,202217,65-79,136,87,0.563765119,4.222615718
death,APR 2022,202217,80+,234,126,3.373071673,12.20865226
death,MAY 2022,202218,5-11,0,0,0.0,0.0
death,MAY 2022,202218,12-17,0,4,0.0,0.064471114
death,MAY 2022,202218,18-29,1,3,0.00459378,0.0256172
death,MAY 2022,202218,30-49,10,16,0.0249043,0.126645719
death,MAY 2022,202218,50-64,39,40,0.119111225,0.637457453
death,MAY 2022,202218,65-79,158,93,0.653708602,4.544247854
death,MAY 2022,202218,80+,297,149,4.270814505,14.5361039
death,MAY 2022,202219,5-11,0,3,0.0,0.0229298
death,MAY 2022,202219,12-17,0,1,0.0,0.0161598
death,MAY 2022,202219,18-29,3,6,0.0137654,0.0513707
death,MAY 2022,202219,30-49,17,26,0.0423091,0.206287741
death,MAY 2022,202219,50-64,59,46,0.180021314,0.735324725
death,MAY 2022,202219,65-79,206,109,0.850926354,5.360919477
death,MAY 2022,202219,80+,346,190,4.964443964,18.65686389
death,MAY 2022,202220,5-11,0,1,0.0,0.00765853
death,MAY 2022,202220,12-17,0,1,0.0,0.0162018
death,MAY 2022,202220,18-29,1,5,0.00458325,0.0429286
death,MAY 2022,202220,30-49,19,23,0.0472555,0.182963427
death,MAY 2022,202220,50-64,61,58,0.185950915,0.930210836
death,MAY 2022,202220,65-79,191,131,0.787820849,6.485857143
death,MAY 2022,202220,80+,408,195,5.84259951,19.27664251
death,MAY 2022,202221,5-11,1,1,0.0191225,0.00767501
death,MAY 2022,202221,12-17,0,2,0.0,0.0324818
death,MAY 2022,202221,18-29,1,6,0.0045784,0.0516496
death,MAY 2022,202221,30-49,23,22,0.057169,0.175438956
death,MAY 2022,202221,50-64,70,64,0.213195926,1.029870492
death,MAY 2022,202221,65-79,232,149,0.955644244,7.425616873
death,MAY 2022,202221,80+,427,230,6.104380329,22.87715084
death,JUN 2022,202222,5-11,0,0,0.0,0.0
death,JUN 2022,202222,12-17,1,2,0.0102458,0.0325511
death,JUN 2022,202222,18-29,3,4,0.0137207,0.0345095
death,JUN 2022,202222,30-49,20,20,0.0496811,0.159801076
death,JUN 2022,202222,50-64,71,67,0.216037373,1.080926621
death,JUN 2022,202222,65-79,234,171,0.962588443,8.561976921
death,JUN 2022,202222,80+,468,239,6.679296436,23.87130788
death,JUN 2022,202223,5-11,0,1,0.0,0.00770476
death,JUN 2022,202223,12-17,2,1,0.0204629,0.0163144
death,JUN 2022,202223,18-29,2,3,0.0091379,0.0259483
death,JUN 2022,202223,30-49,22,21,0.0546157,0.168175235
death,JUN 2022,202223,50-64,74,76,0.224943744,1.229743097
death,JUN 2022,202223,65-79,282,136,1.158502654,6.846855428
death,JUN 2022,202223,80+,496,265,7.06734726,26.59822859
death,JUN 2022,202224,5-11,0,1,0.0,0.00772097
death,JUN 2022,202224,12-17,0,0,0.0,0.0
death,JUN 2022,202224,18-29,1,7,0.00456484,0.0606894
death,JUN 2022,202224,30-49,27,26,0.066993426,0.208661201
death,JUN 2022,202224,50-64,85,80,0.258193842,1.297802823
death,JUN 2022,202224,65-79,276,180,1.132883009,9.101053088
death,JUN 2022,202224,80+,509,255,7.245106066,25.70049081
death,JUN 2022,202225,5-11,0,3,0.0,0.0232123
death,JUN 2022,202225,12-17,0,0,0.0,0.0
death,JUN 2022,202225,18-29,2,14,0.0091207,0.121652752
death,JUN 2022,202225,30-49,12,36,0.029758,0.289488613
death,JUN 2022,202225,50-64,106,77,0.321743525,1.252186733
death,JUN 2022,202225,65-79,295,195,1.209820649,9.898134993
death,JUN 2022,202225,80+,498,248,7.081014052,25.08160624
death,JUN 2022,202226,5-11,0,1,0.0,0.00775334
death,JUN 2022,202226,12-17,0,1,0.0,0.0164254
death,JUN 2022,202226,18-29,3,6,0.0136679,0.0522547
death,JUN 2022,202226,30-49,24,48,0.0594836,0.38675268
death,JUN 2022,202226,50-64,91,88,0.276031307,1.434329329
death,JUN 2022,202226,65-79,355,229,1.454817534,11.66713649
death,JUN 2022,202226,80+,559,308,7.941528754,31.248624
death,JUL 2022,202227,5-11,0,1,0.0,0.00776757
death,JUL 2022,202227,12-17,0,3,0.0,0.0493658
death,JUL 2022,202227,18-29,1,5,0.004552,0.0436273
death,JUL 2022,202227,30-49,42,27,0.104045061,0.217903161
death,JUL 2022,202227,50-64,112,98,0.339528712,1.600734221
death,JUL 2022,202227,65-79,349,230,1.429329532,11.75641866
death,JUL 2022,202227,80+,569,329,8.077607495,33.46058526
death,JUL 2022,202228,5-11,0,1,0.0,0.00778636
death,JUL 2022,202228,12-17,1,0,0.0101671,0.0
death,JUL 2022,202228,18-29,2,6,0.009096,0.0524796
death,JUL 2022,202228,30-49,33,46,0.081710778,0.372067643
death,JUL 2022,202228,50-64,121,101,0.366617451,1.654665265
death,JUL 2022,202228,65-79,396,223,1.620922372,11.45866728
death,JUL 2022,202228,80+,633,358,8.980304193,36.54417088
death,JUL 2022,202229,5-11,1,0,0.0184605,0.0
death,JUL 2022,202229,12-17,0,3,0.0,0.0495936
death,JUL 2022,202229,18-29,4,7,0.0181778,0.061367
death,JUL 2022,202229,30-49,36,31,0.089101267,0.25127157
death,JUL 2022,202229,50-64,113,117,0.342215626,1.922796721
death,JUL 2022,202229,65-79,379,239,1.550616867,12.34819151
death,JUL 2022,202229,80+,626,362,8.87653925,37.09539378
death,JUL 2022,202230,5-11,0,1,0.0,0.0078284
death,JUL 2022,202230,12-17,0,0,0.0,0.0
death,JUL 2022,202230,18-29,0,5,0.0,0.0439311
death,JUL 2022,202230,30-49,20,34,0.0494765,0.276142664
death,JUL 2022,202230,50-64,93,102,0.28146249,1.680702842
death,JUL 2022,202230,65-79,345,233,1.410521799,12.091948
death,JUL 2022,202230,80+,591,330,8.373946739,33.93492762
death,AUG 2022,202231,5-11,0,0,0.0,0.0
death,AUG 2022,202231,12-17,0,2,0.0,0.0332209
death,AUG 2022,202231,18-29,3,5,0.0136084,0.0440179
death,AUG 2022,202231,30-49,27,36,0.066755476,0.292944855
death,AUG 2022,202231,50-64,84,89,0.254005846,1.469886178
death,AUG 2022,202231,65-79,356,230,1.454175149,11.98037656
death,AUG 2022,202231,80+,532,319,7.531183275,32.8892969
death,AUG 2022,202232,5-11,0,1,0.0,0.0078718
death,AUG 2022,202232,12-17,0,0,0.0,0.0
death,AUG 2022,202232,18-29,2,4,0.0090648,0.0352904
death,AUG 2022,202232,30-49,15,32,0.0370703,0.260874911
death,AUG 2022,202232,50-64,98,91,0.296149372,1.505931733
death,AUG 2022,202232,65-79,287,227,1.171466128,11.86210424
death,AUG 2022,202232,80+,460,300,6.506844422,31.00020936
death,AUG 2022,202233,5-11,0,0,0.0,0.0
death,AUG 2022,202233,12-17,0,1,0.0,0.0166811
death,AUG 2022,202233,18-29,3,5,0.0135862,0.0442038
death,AUG 2022,202233,30-49,22,30,0.0543468,0.244967864
death,AUG 2022,202233,50-64,59,66,0.178204534,1.094125531
death,AUG 2022,202233,65-79,259,199,1.05663207,10.42746256
death,AUG 2022,202233,80+,420,238,5.937741088,24.64300262
death,AUG 2022,202234,5-11,0,0,0.0,0.0
death,AUG 2022,202234,12-17,1,2,0.0101008,0.0334218
death,AUG 2022,202234,18-29,2,3,0.00905,0.0265726
death,AUG 2022,202234,30-49,16,25,0.0395089,0.204459067
death,AUG 2022,202234,50-64,67,57,0.202282135,0.946436257
death,AUG 2022,202234,65-79,200,167,0.815601858,8.771376488
death,AUG 2022,202234,80+,318,192,4.493809777,19.91413275
death,AUG 2022,202235,5-11,0,0,0.0,0.0
death,AUG 2022,202235,12-17,0,0,0.0,0.0
death,AUG 2022,202235,18-29,2,1,0.0090429,0.0088725
death,AUG 2022,202235,30-49,11,18,0.027152,0.147408216
death,AUG 2022,202235,50-64,46,67,0.138829601,1.11380019
death,AUG 2022,202235,65-79,201,140,0.819403523,7.364141711
death,AUG 2022,202235,80+,309,172,4.365044273,17.85908229
